"Scope","Name","Kind","Template","Symbols"
"ks::ai::AiFileReader","readSpline","function","False","1"
"ks::ai::AiFileWriter","writeSpline","function","False","1"
"ks::ai::NavMesh","build","function","False","1"
"ks::ai::NavMesh","findPath","function","False","1"
"ks::ai::NavMesh","isWalkable","function","False","1"
"ks::ai::NavMesh","load","function","False","1"
"ks::ai::NavMesh","nearestWalkable","function","False","1"
"ks::ai::NavMesh","save","function","False","1"
"ks::audio","extractBankSampleToWav","function","False","1"
"ks::audio","parseBankFile","function","False","1"
"ks::device::DirectInputJoystick","initialize","function","False","1"
"ks::device::DirectInputJoystick","shutdown","function","False","1"
"ks::device::DirectInputJoystick","update","function","False","1"
"ks::device::FFBBridge","computeSteeringTorque","function","False","1"
"ks::device::FFBSDKFactory","createFFB","function","False","1"
"ks::device::XInputDevice","initialize","function","False","1"
"ks::device::XInputDevice","shutdown","function","False","1"
"ks::device::XInputDevice","update","function","False","1"
"ks::Engine","createEntity","function","False","1"
"ks::Engine","destroyEntity","function","False","1"
"ks::Engine","initialize","function","False","1"
"ks::Engine","shutdown","function","False","1"
"ks::engine::fileformat","bakeKn5","function","False","1"
"ks::engine::fileformat","bakeKn5ToNativeMeshes","function","False","1"
"ks::engine::fileformat","buildTtfAtlas","function","False","1"
"ks::engine::fileformat","createAcdKey","function","False","1"
"ks::engine::fileformat","decodeDds","function","False","1"
"ks::engine::fileformat","decryptAcdData","function","False","1"
"ks::engine::fileformat","heuristicMaterialRoughness","function","False","1"
"ks::engine::fileformat","inflateRaw","function","False","1"
"ks::engine::fileformat","inflateZlib","function","False","1"
"ks::engine::fileformat","isDds","function","False","1"
"ks::engine::fileformat","isKsAnim","function","False","1"
"ks::engine::fileformat","loadPngGray","function","False","1"
"ks::engine::fileformat","loadPngGrayFile","function","False","1"
"ks::engine::fileformat","looksLikeAcd","function","False","1"
"ks::engine::fileformat","parseAcd","function","False","1"
"ks::engine::fileformat","parseKn5","function","False","1"
"ks::engine::fileformat","parseKn5File","function","False","1"
"ks::engine::fileformat","parseKsAnim","function","False","1"
"ks::engine::fileformat","parseKsAnimFile","function","False","1"
"ks::engine::fileformat","rasterizeGlyph","function","False","1"
"ks::engine::fileformat","readDdsInfo","function","False","1"
"ks::engine::fileformat::AcdArchive","find","function","False","1"
"ks::engine::fileformat::CADOBJParser","loadFromFile","function","False","1"
"ks::engine::fileformat::CADOBJParser","loadFromString","function","False","1"
"ks::engine::fileformat::CADOBJParser","loadMTL","function","False","1"
"ks::engine::fileformat::FbxReader","load","function","False","1"
"ks::engine::fileformat::FbxReader","loadFromFile","function","False","1"
"ks::engine::fileformat::KsAnimFile","animatedNodes","function","False","1"
"ks::engine::fileformat::KsAnimFile","find","function","False","1"
"ks::engine::fileformat::KsAnimFile","sample","function","False","1"
"ks::engine::fileformat::KsAnimFile","totalKeyframes","function","False","1"
"ks::engine::fileformat::KsAnimKeyframe","toMatrix","function","False","1"
"ks::engine::fileformat::TtfGlyphBitmap","ink","function","False","1"
"ks::engine::fileformat::TtfReader","advanceWidth","function","False","1"
"ks::engine::fileformat::TtfReader","findTable","function","False","1"
"ks::engine::fileformat::TtfReader","glyphIndex","function","False","1"
"ks::engine::fileformat::TtfReader","isTrueType","function","False","1"
"ks::engine::fileformat::TtfReader","leftSideBearing","function","False","1"
"ks::engine::fileformat::TtfReader","load","function","False","1"
"ks::engine::fileformat::TtfReader","outline","function","False","1"
"ks::engine::graphics::ParticleSystem","addEmitter","function","False","1"
"ks::engine::graphics::ParticleSystem","buildQuads","function","False","1"
"ks::engine::graphics::ParticleSystem","burst","function","False","1"
"ks::engine::graphics::ParticleSystem","update","function","False","1"
"ks::engine::terrain","generateFbmHeightmap","function","False","1"
"ks::engine::terrain","generateTerrainMesh","function","False","1"
"ks::engine::terrain","generateTerrainMeshLOD","function","False","1"
"ks::engine::terrain","writeTerrainNMSH","function","False","1"
"ks::image","saveImageFile","function","False","1"
"ks::physics","DamageSystem","special","False","1"
"ks::physics","EngineModel","special","False","1"
"ks::physics","KsTireModel","special","False","1"
"ks::physics","MomentMethodTool","special","False","1"
"ks::physics","TireModelManager","special","False","1"
"ks::physics","TireNormalizeTool","special","False","1"
"ks::physics","TireSimulator","special","False","1"
"ks::physics","VehicleSimulator","special","False","1"
"ks::physics::DamageSystem","applyImpactDamage","function","False","1"
"ks::physics::DamageSystem","brakingMultiplier","function","False","1"
"ks::physics::DamageSystem","cosmeticDamage","function","False","1"
"ks::physics::DamageSystem","downforceMultiplier","function","False","1"
"ks::physics::DamageSystem","dragMultiplier","function","False","1"
"ks::physics::DamageSystem","handlingMultiplier","function","False","1"
"ks::physics::DamageSystem","overallDamage","function","False","1"
"ks::physics::DamageSystem","powerMultiplier","function","False","1"
"ks::physics::DamageSystem","repairAll","function","False","1"
"ks::physics::DamageSystem","structuralDamage","function","False","1"
"ks::physics::DamageSystem","update","function","False","1"
"ks::physics::DamageZoneData","combinedDamage","function","False","1"
"ks::physics::EngineModel","interpolateCurve","function","False","1"
"ks::physics::EngineModel","loadFromIni","function","False","1"
"ks::physics::EngineModel","loadPowerLut","function","False","1"
"ks::physics::EngineModel","savePowerLut","function","False","1"
"ks::physics::KsTireModel","calculateCombinedSlipBatch","function","False","1"
"ks::physics::KsTireModel","calculateForces","function","False","1"
"ks::physics::KsTireModel","getSlickTireCoefficients","function","False","1"
"ks::physics::KsTireModel","loadFromIni","function","False","1"
"ks::physics::MomentMethodTool","evaluate","function","False","1"
"ks::physics::MomentMethodTool","sweepBeta","function","False","1"
"ks::physics::MomentMethodTool","sweepGgEnvelope","function","False","1"
"ks::physics::MomentMethodTool","sweepSteer","function","False","1"
"ks::physics::MomentMethodTool","writeCsv","function","False","1"
"ks::physics::MomentMethodTool","writeGgCsv","function","False","1"
"ks::physics::PhysicsProfiler","beginFrame","function","False","1"
"ks::physics::PhysicsProfiler","beginSection","function","False","1"
"ks::physics::PhysicsProfiler","beginSubsystem","function","False","1"
"ks::physics::PhysicsProfiler","endFrame","function","False","1"
"ks::physics::PhysicsProfiler","endSection","function","False","1"
"ks::physics::PhysicsProfiler","endSubsystem","function","False","1"
"ks::physics::PhysicsProfiler","instance","function","False","1"
"ks::physics::PhysicsProfiler","report","function","False","1"
"ks::physics::PhysicsProfiler","reset","function","False","1"
"ks::physics::PhysicsProfiler","sectionsSorted","function","False","1"
"ks::physics::SuspensionDamageData","handlingMultiplier","function","False","1"
"ks::physics::TireModelManager","loadFromIni","function","False","1"
"ks::physics::TireModelManager","saveToIni","function","False","1"
"ks::physics::TireNormalizeTool","evaluate","function","False","1"
"ks::physics::TireNormalizeTool","lateralCurve","function","False","1"
"ks::physics::TireNormalizeTool","loadIni","function","False","1"
"ks::physics::TireNormalizeTool","longitudinalCurve","function","False","1"
"ks::physics::TireNormalizeTool","normalizeToMu","function","False","1"
"ks::physics::TireNormalizeTool","usePreset","function","False","1"
"ks::physics::TireNormalizeTool","writeCurveCsv","function","False","1"
"ks::physics::TireNormalizeTool","writeReport","function","False","1"
"ks::physics::TireSimulator","totalLateralForce","function","False","1"
"ks::physics::TireSimulator","update","function","False","1"
"ks::physics::VehicleSimulator","loadAeroFromIni","function","False","1"
"ks::physics::VehicleSimulator","loadDrivetrainFromIni","function","False","1"
"ks::physics::VehicleSimulator","loadEngineFromIni","function","False","1"
"ks::physics::VehicleSimulator","loadSuspensionFromIni","function","False","1"
"ks::physics::VehicleSimulator","loadTyresFromIni","function","False","1"
"ks::physics::VehicleSimulator","reset","function","False","1"
"ks::physics::VehicleSimulator","setBrake","function","False","1"
"ks::physics::VehicleSimulator","setDragCoeff","function","False","1"
"ks::physics::VehicleSimulator","setEnginePower","function","False","1"
"ks::physics::VehicleSimulator","setFrontalArea","function","False","1"
"ks::physics::VehicleSimulator","setMass","function","False","1"
"ks::physics::VehicleSimulator","setMaxRpm","function","False","1"
"ks::physics::VehicleSimulator","setSteering","function","False","1"
"ks::physics::VehicleSimulator","setThrottle","function","False","1"
"ks::physics::VehicleSimulator","setTrackWidth","function","False","1"
"ks::physics::VehicleSimulator","setWheelBase","function","False","1"
"ks::physics::VehicleSimulator","startSimulation","function","False","1"
"ks::physics::VehicleSimulator","stopSimulation","function","False","1"
"ks::physics::VehicleSimulator","updatePhysics","function","False","1"
"ks::physics::WeatherSimulator","recomputeEffects","function","False","1"
"ks::physics::WeatherSimulator","update","function","False","1"
"ks::scripting::modsdk","dispatch","function","False","1"
"ks::scripting::modsdk","install","function","False","1"
"ks::scripting::modsdk","loadModScripts","function","False","1"
"ks::scripting::modsdk","takeLog","function","False","1"
"ks::scripting::ScriptHost","callFunction","function","False","1"
"ks::scripting::ScriptHost","emitEvent","function","False","1"
"ks::scripting::ScriptHost","eval","function","False","1"
"ks::scripting::ScriptHost","getNumber","function","False","1"
"ks::scripting::ScriptHost","hasFunction","function","False","1"
"ks::scripting::ScriptHost","initialize","function","False","1"
"ks::scripting::ScriptHost","isInitialized","function","False","1"
"ks::scripting::ScriptHost","lastError","function","False","1"
"ks::scripting::ScriptHost","runFile","function","False","1"
"ks::scripting::ScriptHost","setNumber","function","False","1"
"ks::scripting::ScriptHost","shutdown","function","False","1"
"ksnet","Client","special","False","2"
"ksnet","Server","special","False","2"
"ksnet::Client","CreateMessage","function","False","1"
"ksnet::Client","Disconnect","function","False","1"
"ksnet::Client","GetNetworkInfo","function","False","1"
"ksnet::Client","InsecureConnect","function","False","1"
"ksnet::Client","ReceiveMessage","function","False","1"
"ksnet::Client","ReceivePackets","function","False","1"
"ksnet::Client","ReleaseMessage","function","False","1"
"ksnet::Client","SendMessage","function","False","1"
"ksnet::Client","SendPackets","function","False","1"
"ksnet::Server","CanSendMessage","function","False","1"
"ksnet::Server","CreateMessage","function","False","1"
"ksnet::Server","DisconnectClient","function","False","1"
"ksnet::Server","GetMaxClients","function","False","1"
"ksnet::Server","IsClientConnected","function","False","1"
"ksnet::Server","ReceiveMessage","function","False","1"
"ksnet::Server","ReceivePackets","function","False","1"
"ksnet::Server","ReleaseMessage","function","False","1"
"ksnet::Server","SendMessage","function","False","1"
"ksnet::Server","SendPackets","function","False","1"
"ksnet::Server","Start","function","False","1"
"ksnet::Server","Stop","function","False","1"
